<?xml version="1.0" encoding="UTF-8"?>
<project-private xmlns="http://www.netbeans.org/ns/project-private/1">
    <editor-bookmarks xmlns="http://www.netbeans.org/ns/editor-bookmarks/2" lastBookmarkId="0"/>
    <open-files xmlns="http://www.netbeans.org/ns/projectui-open-files/2">
        <group>
            <file>file:/D:/punto%20de%20venta2.0/croche/src/views/SystemViews.java</file>
            <file>file:/D:/punto%20de%20venta2.0/croche/src/controller/CustomersControllers.java</file>
            <file>file:/D:/punto%20de%20venta2.0/croche/src/controller/EmployesControllers.java</file>
            <file>file:/D:/punto%20de%20venta2.0/croche/src/Dao/EmployesDao.java</file>
            <file>file:/D:/punto%20de%20venta2.0/croche/src/controller/LoginControllers.java</file>
            <file>file:/D:/punto%20de%20venta2.0/croche/src/Dao/CustomersDao.java</file>
        </group>
    </open-files>
</project-private>
